{
  "defaultSeverity": "error",
  "extends": ["tslint:recommended"],
  "jsRules": {
    "no-unused-expression": true
  },
  "rules": {
    "whitespace": [
      true,
      "check-branch",
      "check-decl",
      "check-operator",
      "check-module",
      "check-separator",
      "check-type",
      "check-typecast",
      "check-preblock"
    ],
    "no-console": [true],
    "eofline": true,
    "linebreak-style": [true, "CRLF"],
    "quotemark": [true, "single"],
    "indent": [true, "spaces", 2],
    "member-access": [false],
    "ordered-imports": [true],
    "no-duplicate-imports": true,
    "no-require-imports": true,
    "prefer-const": true,
    "no-default-export": false,
    "prefer-object-spread": true,
    "no-var-keyword": true,
    "no-irregular-whitespace": true,
    "no-trailing-whitespace": [true, "ignore-comments", "ignore-jsdoc"],
    "no-consecutive-blank-lines": [true],
    "max-line-length": [true, 150],
    "object-literal-sort-keys": false,
    "member-ordering": [
      false,
      {
        "order": [
          "public-static-field",
          "public-instance-field",
          "public-constructor",
          "private-static-field",
          "private-instance-field",
          "private-constructor",
          "public-instance-method",
          "protected-instance-method",
          "private-instance-method"
        ],
        "alphabetize": true
      }
    ],
    "curly": false,
    "interface-name": [true, "always-prefix"],
    "array-type": [true, "array-simple"],
    "no-empty-interface": false,
    "no-empty": false,
    "arrow-parens": false,
    "no-unused-expression": false,
    "variable-name": [
      true,
      "ban-keywords",
      "check-format",
      "allow-leading-underscore",
      "allow-pascal-case",
      "allow-snake-case"
    ],
    "one-line": [false],
    "one-variable-per-declaration": [false],
    "no-namespace": [true, "allow-declarations"]
  },
  "rulesDirectory": []
}
